{
    "name": "1. Make a Call",
    "flow": [
        {
            "id": 1,
            "module": "gateway:CustomWebHook",
            "version": 1,
            "parameters": {
                "hook": 1499979,
                "maxResults": 1
            },
            "mapper": {},
            "metadata": {
                "designer": {
                    "x": 0,
                    "y": 0
                },
                "restore": {
                    "parameters": {
                        "hook": {
                            "data": {
                                "editable": "true"
                            },
                            "label": "GHL TriggeTriggered"
                        }
                    }
                },
                "parameters": [
                    {
                        "name": "hook",
                        "type": "hook:gateway-webhook",
                        "label": "Webhook",
                        "required": true
                    },
                    {
                        "name": "maxResults",
                        "type": "number",
                        "label": "Maximum number of results"
                    }
                ]
            }
        },
        {
            "id": 3,
            "module": "http:ActionSendData",
            "version": 3,
            "parameters": {
                "handleErrors": true,
                "useNewZLibDeCompress": true
            },
            "mapper": {
                "ca": "",
                "qs": [],
                "url": "https://api.retellai.com/v2/create-phone-call",
                "data": "{\n\"from_number\": \"\",\n\"to_number\": \"{{1.phone}}\",\n\"retell_llm_dynamic_variables\": {\n     \"name\": \"{{1.full_name}}\",\n     \"phone\": \"{{1.phone}}\",\n     \"email\": \"{{1.email}}\",\n     \"contact_id\":\"{{1.contact_id}}\",\n      \"opportunity_id\":\"{{1.customData.opportunity_ID}}\"\n  }\n}",
                "gzip": true,
                "method": "post",
                "headers": [
                    {
                        "name": "Authorization",
                        "value": "Bearer key_6055f605993ab5e26b29ee76be75"
                    }
                ],
                "timeout": "",
                "useMtls": false,
                "authPass": "",
                "authUser": "",
                "bodyType": "raw",
                "contentType": "application/json",
                "serializeUrl": false,
                "shareCookies": false,
                "parseResponse": false,
                "followRedirect": true,
                "useQuerystring": false,
                "followAllRedirects": false,
                "rejectUnauthorized": true
            },
            "metadata": {
                "designer": {
                    "x": 312,
                    "y": -8
                },
                "restore": {
                    "expect": {
                        "qs": {
                            "mode": "chose"
                        },
                        "method": {
                            "mode": "chose",
                            "label": "POST"
                        },
                        "headers": {
                            "mode": "chose",
                            "items": [
                                null
                            ]
                        },
                        "bodyType": {
                            "label": "Raw"
                        },
                        "contentType": {
                            "label": "JSON (application/json)"
                        }
                    }
                },
                "parameters": [
                    {
                        "name": "handleErrors",
                        "type": "boolean",
                        "label": "Evaluate all states as errors (except for 2xx and 3xx )",
                        "required": true
                    },
                    {
                        "name": "useNewZLibDeCompress",
                        "type": "hidden"
                    }
                ],
                "expect": [
                    {
                        "name": "url",
                        "type": "url",
                        "label": "URL",
                        "required": true
                    },
                    {
                        "name": "serializeUrl",
                        "type": "boolean",
                        "label": "Serialize URL",
                        "required": true
                    },
                    {
                        "name": "method",
                        "type": "select",
                        "label": "Method",
                        "required": true,
                        "validate": {
                            "enum": [
                                "get",
                                "head",
                                "post",
                                "put",
                                "patch",
                                "delete",
                                "options"
                            ]
                        }
                    },
                    {
                        "name": "headers",
                        "spec": [
                            {
                                "name": "name",
                                "type": "text",
                                "label": "Name",
                                "required": true
                            },
                            {
                                "name": "value",
                                "type": "text",
                                "label": "Value"
                            }
                        ],
                        "type": "array",
                        "label": "Headers"
                    },
                    {
                        "name": "qs",
                        "spec": [
                            {
                                "name": "name",
                                "type": "text",
                                "label": "Name",
                                "required": true
                            },
                            {
                                "name": "value",
                                "type": "text",
                                "label": "Value"
                            }
                        ],
                        "type": "array",
                        "label": "Query String"
                    },
                    {
                        "name": "bodyType",
                        "type": "select",
                        "label": "Body type",
                        "validate": {
                            "enum": [
                                "raw",
                                "x_www_form_urlencoded",
                                "multipart_form_data"
                            ]
                        }
                    },
                    {
                        "name": "parseResponse",
                        "type": "boolean",
                        "label": "Parse response",
                        "required": true
                    },
                    {
                        "name": "authUser",
                        "type": "text",
                        "label": "User name"
                    },
                    {
                        "name": "authPass",
                        "type": "password",
                        "label": "Password"
                    },
                    {
                        "name": "timeout",
                        "type": "uinteger",
                        "label": "Timeout",
                        "validate": {
                            "max": 300,
                            "min": 1
                        }
                    },
                    {
                        "name": "shareCookies",
                        "type": "boolean",
                        "label": "Share cookies with other HTTP modules",
                        "required": true
                    },
                    {
                        "name": "ca",
                        "type": "cert",
                        "label": "Self-signed certificate"
                    },
                    {
                        "name": "rejectUnauthorized",
                        "type": "boolean",
                        "label": "Reject connections that are using unverified (self-signed) certificates",
                        "required": true
                    },
                    {
                        "name": "followRedirect",
                        "type": "boolean",
                        "label": "Follow redirect",
                        "required": true
                    },
                    {
                        "name": "useQuerystring",
                        "type": "boolean",
                        "label": "Disable serialization of multiple same query string keys as arrays",
                        "required": true
                    },
                    {
                        "name": "gzip",
                        "type": "boolean",
                        "label": "Request compressed content",
                        "required": true
                    },
                    {
                        "name": "useMtls",
                        "type": "boolean",
                        "label": "Use Mutual TLS",
                        "required": true
                    },
                    {
                        "name": "contentType",
                        "type": "select",
                        "label": "Content type",
                        "validate": {
                            "enum": [
                                "text/plain",
                                "application/json",
                                "application/xml",
                                "text/xml",
                                "text/html",
                                "custom"
                            ]
                        }
                    },
                    {
                        "name": "data",
                        "type": "buffer",
                        "label": "Request content"
                    },
                    {
                        "name": "followAllRedirects",
                        "type": "boolean",
                        "label": "Follow all redirect",
                        "required": true
                    }
                ]
            }
        },
        {
            "id": 6,
            "module": "datastore:AddRecord",
            "version": 1,
            "parameters": {
                "datastore": 45686
            },
            "mapper": {
                "key": "",
                "data": {
                    "opp_id": "{{1.customData.opportunity_ID}}",
                    "contactID": "{{1.customData.contact_ID}}",
                    "phoneNumber": "{{1.phone}}"
                },
                "overwrite": false
            },
            "metadata": {
                "designer": {
                    "x": 612,
                    "y": -8
                },
                "restore": {
                    "expect": {
                        "overwrite": {
                            "mode": "chose"
                        }
                    },
                    "parameters": {
                        "datastore": {
                            "label": "My data store"
                        }
                    }
                },
                "parameters": [
                    {
                        "name": "datastore",
                        "type": "datastore",
                        "label": "Data store",
                        "required": true
                    }
                ],
                "expect": [
                    {
                        "name": "key",
                        "type": "text",
                        "label": "Key"
                    },
                    {
                        "name": "overwrite",
                        "type": "boolean",
                        "label": "Overwrite an existing record",
                        "required": true
                    },
                    {
                        "name": "data",
                        "spec": [
                            {
                                "name": "phoneNumber",
                                "type": "text",
                                "label": null
                            },
                            {
                                "name": "contactID",
                                "type": "text",
                                "label": null
                            },
                            {
                                "name": "opp_id",
                                "type": "text",
                                "label": null
                            }
                        ],
                        "type": "collection",
                        "label": "Record"
                    }
                ]
            }
        }
    ],
    "metadata": {
        "instant": true,
        "version": 1,
        "scenario": {
            "roundtrips": 1,
            "maxErrors": 3,
            "autoCommit": true,
            "autoCommitTriggerLast": true,
            "sequential": false,
            "slots": null,
            "confidential": false,
            "dataloss": false,
            "dlq": false,
            "freshVariables": false
        },
        "designer": {
            "orphans": []
        },
        "zone": "eu2.make.com",
        "notes": []
    }
}