{
    "name": "3. Create Appointment",
    "flow": [
        {
            "id": 1,
            "module": "gateway:CustomWebHook",
            "version": 1,
            "parameters": {
                "hook": 2738921,
                "maxResults": 1
            },
            "mapper": {},
            "metadata": {
                "designer": {
                    "x": -641,
                    "y": -16
                },
                "restore": {
                    "parameters": {
                        "hook": {
                            "data": {
                                "editable": "true"
                            },
                            "label": "My gateway-webhook webhook"
                        }
                    }
                },
                "parameters": [
                    {
                        "name": "hook",
                        "type": "hook:gateway-webhook",
                        "label": "Webhook",
                        "required": true
                    },
                    {
                        "name": "maxResults",
                        "type": "number",
                        "label": "Maximum number of results"
                    }
                ]
            }
        },
        {
            "id": 14,
            "module": "util:SetVariables",
            "version": 1,
            "parameters": {},
            "mapper": {
                "scope": "roundtrip",
                "variables": [
                    {
                        "name": "location_id",
                        "value": ""
                    },
                    {
                        "name": "calendar_id",
                        "value": ""
                    },
                    {
                        "name": "API_KEY",
                        "value": ""
                    }
                ]
            },
            "metadata": {
                "designer": {
                    "x": -328,
                    "y": -18
                },
                "restore": {
                    "expect": {
                        "scope": {
                            "label": "One cycle"
                        },
                        "variables": {
                            "items": [
                                null,
                                null,
                                null
                            ]
                        }
                    }
                },
                "expect": [
                    {
                        "name": "variables",
                        "spec": [
                            {
                                "name": "name",
                                "type": "text",
                                "label": "Variable name",
                                "required": true
                            },
                            {
                                "name": "value",
                                "type": "any",
                                "label": "Variable value"
                            }
                        ],
                        "type": "array",
                        "label": "Variables"
                    },
                    {
                        "name": "scope",
                        "type": "select",
                        "label": "Variable lifetime",
                        "required": true,
                        "validate": {
                            "enum": [
                                "roundtrip",
                                "execution"
                            ]
                        }
                    }
                ],
                "interface": [
                    {
                        "name": "location_id",
                        "type": "any",
                        "label": "location_id"
                    },
                    {
                        "name": "calendar_id",
                        "type": "any",
                        "label": "calendar_id"
                    },
                    {
                        "name": "API_KEY",
                        "type": "any",
                        "label": "API_KEY"
                    }
                ]
            }
        },
        {
            "id": 2,
            "module": "datastore:SearchRecord",
            "version": 1,
            "parameters": {
                "limit": null,
                "datastore": 45871,
                "continueWhenNoRes": false
            },
            "mapper": {
                "sort": [],
                "filter": [
                    [
                        {
                            "b": "{{1.args.phone}}",
                            "o": "text:equal"
                        }
                    ]
                ],
                "mappAbleLimit": ""
            },
            "metadata": {
                "designer": {
                    "x": 0,
                    "y": 0
                },
                "restore": {
                    "parameters": {
                        "datastore": {
                            "label": "My data store"
                        }
                    }
                },
                "parameters": [
                    {
                        "name": "datastore",
                        "type": "datastore",
                        "label": "Data store",
                        "required": true
                    },
                    {
                        "name": "continueWhenNoRes",
                        "type": "boolean",
                        "label": "Continue the execution of the route even if the module returns no results"
                    },
                    {
                        "name": "limit",
                        "type": "uinteger",
                        "label": "Limit"
                    }
                ],
                "expect": [
                    {
                        "name": "filter",
                        "type": "filter",
                        "label": "Filter",
                        "options": "rpc://datastore/1.12.0/RpcGetUDTKeys",
                        "required": true
                    },
                    {
                        "name": "sort",
                        "spec": [
                            {
                                "name": "key",
                                "type": "select",
                                "label": "Key",
                                "dynamic": true,
                                "options": [],
                                "required": true
                            },
                            {
                                "name": "order",
                                "type": "select",
                                "label": "Order",
                                "options": [
                                    {
                                        "label": "Ascending",
                                        "value": 1
                                    },
                                    {
                                        "label": "Descending",
                                        "value": -1
                                    }
                                ],
                                "required": true
                            }
                        ],
                        "type": "array",
                        "label": "Sort"
                    },
                    {
                        "name": "mappAbleLimit",
                        "type": "uinteger",
                        "label": "Mappable Limit"
                    }
                ],
                "interface": [
                    {
                        "name": "__IMTLENGTH__",
                        "type": "uinteger",
                        "label": "Total number of bundles"
                    },
                    {
                        "name": "__IMTINDEX__",
                        "type": "uinteger",
                        "label": "Bundle order position"
                    },
                    {
                        "name": "key",
                        "type": "text",
                        "label": "Key"
                    },
                    {
                        "name": "data",
                        "spec": [
                            {
                                "name": "phoneNumber",
                                "type": "text",
                                "label": null,
                                "default": null,
                                "required": false,
                                "multiline": false
                            },
                            {
                                "name": "contactID",
                                "type": "text",
                                "label": null,
                                "default": null,
                                "required": false,
                                "multiline": false
                            },
                            {
                                "name": "opp_id",
                                "type": "text",
                                "label": null,
                                "default": null,
                                "required": false,
                                "multiline": false
                            }
                        ],
                        "type": "collection",
                        "label": "Record"
                    }
                ]
            }
        },
        {
            "id": 3,
            "module": "datastore:GetRecord",
            "version": 1,
            "parameters": {
                "datastore": 45871
            },
            "mapper": {
                "key": "{{2.key}}",
                "returnWrapped": false
            },
            "metadata": {
                "designer": {
                    "x": 300,
                    "y": 0
                },
                "restore": {
                    "parameters": {
                        "datastore": {
                            "label": "My data store"
                        }
                    }
                },
                "parameters": [
                    {
                        "name": "datastore",
                        "type": "datastore",
                        "label": "Data store",
                        "required": true
                    }
                ],
                "expect": [
                    {
                        "name": "key",
                        "type": "text",
                        "label": "Key",
                        "required": true
                    },
                    {
                        "name": "returnWrapped",
                        "type": "boolean",
                        "label": "Return Wrapped Output",
                        "required": true
                    }
                ],
                "interface": [
                    {
                        "name": "phoneNumber",
                        "type": "text",
                        "label": null,
                        "default": null,
                        "required": false,
                        "multiline": false
                    },
                    {
                        "name": "contactID",
                        "type": "text",
                        "label": null,
                        "default": null,
                        "required": false,
                        "multiline": false
                    },
                    {
                        "name": "opp_id",
                        "type": "text",
                        "label": null,
                        "default": null,
                        "required": false,
                        "multiline": false
                    }
                ]
            }
        },
        {
            "id": 12,
            "module": "http:ActionSendData",
            "version": 3,
            "parameters": {
                "handleErrors": true,
                "useNewZLibDeCompress": true
            },
            "mapper": {
                "ca": "",
                "qs": [],
                "url": "https://services.leadconnectorhq.com/calendars/events/appointments",
                "data": "{\n  \"calendarId\": \"{{14.calendar_id}}\",\n  \"locationId\": \"{{14.location_id}}\",\n  \"contactId\": \"{{1.args.contact_id}}\",\n  \"startTime\": \"{{1.args.appointment_time}}\",\n\"title\":\"A test Appointment - {{1.args.name}}\"\n}",
                "gzip": true,
                "method": "post",
                "headers": [
                    {
                        "name": "Version",
                        "value": "2021-04-15"
                    },
                    {
                        "name": "Authorization",
                        "value": "Bearer {{14.API_KEY}}"
                    }
                ],
                "timeout": "",
                "useMtls": false,
                "authPass": "",
                "authUser": "",
                "bodyType": "raw",
                "contentType": "application/json",
                "serializeUrl": false,
                "shareCookies": false,
                "parseResponse": false,
                "followRedirect": true,
                "useQuerystring": false,
                "followAllRedirects": false,
                "rejectUnauthorized": true
            },
            "metadata": {
                "designer": {
                    "x": 619,
                    "y": -6
                },
                "restore": {
                    "expect": {
                        "qs": {
                            "mode": "chose"
                        },
                        "method": {
                            "mode": "chose",
                            "label": "POST"
                        },
                        "headers": {
                            "mode": "chose",
                            "items": [
                                null,
                                null
                            ]
                        },
                        "bodyType": {
                            "label": "Raw"
                        },
                        "contentType": {
                            "label": "JSON (application/json)"
                        }
                    }
                },
                "parameters": [
                    {
                        "name": "handleErrors",
                        "type": "boolean",
                        "label": "Evaluate all states as errors (except for 2xx and 3xx )",
                        "required": true
                    },
                    {
                        "name": "useNewZLibDeCompress",
                        "type": "hidden"
                    }
                ],
                "expect": [
                    {
                        "name": "url",
                        "type": "url",
                        "label": "URL",
                        "required": true
                    },
                    {
                        "name": "serializeUrl",
                        "type": "boolean",
                        "label": "Serialize URL",
                        "required": true
                    },
                    {
                        "name": "method",
                        "type": "select",
                        "label": "Method",
                        "required": true,
                        "validate": {
                            "enum": [
                                "get",
                                "head",
                                "post",
                                "put",
                                "patch",
                                "delete",
                                "options"
                            ]
                        }
                    },
                    {
                        "name": "headers",
                        "spec": [
                            {
                                "name": "name",
                                "type": "text",
                                "label": "Name",
                                "required": true
                            },
                            {
                                "name": "value",
                                "type": "text",
                                "label": "Value"
                            }
                        ],
                        "type": "array",
                        "label": "Headers"
                    },
                    {
                        "name": "qs",
                        "spec": [
                            {
                                "name": "name",
                                "type": "text",
                                "label": "Name",
                                "required": true
                            },
                            {
                                "name": "value",
                                "type": "text",
                                "label": "Value"
                            }
                        ],
                        "type": "array",
                        "label": "Query String"
                    },
                    {
                        "name": "bodyType",
                        "type": "select",
                        "label": "Body type",
                        "validate": {
                            "enum": [
                                "raw",
                                "x_www_form_urlencoded",
                                "multipart_form_data"
                            ]
                        }
                    },
                    {
                        "name": "parseResponse",
                        "type": "boolean",
                        "label": "Parse response",
                        "required": true
                    },
                    {
                        "name": "authUser",
                        "type": "text",
                        "label": "User name"
                    },
                    {
                        "name": "authPass",
                        "type": "password",
                        "label": "Password"
                    },
                    {
                        "name": "timeout",
                        "type": "uinteger",
                        "label": "Timeout",
                        "validate": {
                            "max": 300,
                            "min": 1
                        }
                    },
                    {
                        "name": "shareCookies",
                        "type": "boolean",
                        "label": "Share cookies with other HTTP modules",
                        "required": true
                    },
                    {
                        "name": "ca",
                        "type": "cert",
                        "label": "Self-signed certificate"
                    },
                    {
                        "name": "rejectUnauthorized",
                        "type": "boolean",
                        "label": "Reject connections that are using unverified (self-signed) certificates",
                        "required": true
                    },
                    {
                        "name": "followRedirect",
                        "type": "boolean",
                        "label": "Follow redirect",
                        "required": true
                    },
                    {
                        "name": "useQuerystring",
                        "type": "boolean",
                        "label": "Disable serialization of multiple same query string keys as arrays",
                        "required": true
                    },
                    {
                        "name": "gzip",
                        "type": "boolean",
                        "label": "Request compressed content",
                        "required": true
                    },
                    {
                        "name": "useMtls",
                        "type": "boolean",
                        "label": "Use Mutual TLS",
                        "required": true
                    },
                    {
                        "name": "contentType",
                        "type": "select",
                        "label": "Content type",
                        "validate": {
                            "enum": [
                                "text/plain",
                                "application/json",
                                "application/xml",
                                "text/xml",
                                "text/html",
                                "custom"
                            ]
                        }
                    },
                    {
                        "name": "data",
                        "type": "buffer",
                        "label": "Request content"
                    },
                    {
                        "name": "followAllRedirects",
                        "type": "boolean",
                        "label": "Follow all redirect",
                        "required": true
                    }
                ]
            }
        },
        {
            "id": 8,
            "module": "builtin:BasicRouter",
            "version": 1,
            "mapper": null,
            "metadata": {
                "designer": {
                    "x": 900,
                    "y": 0
                }
            },
            "routes": [
                {
                    "flow": [
                        {
                            "id": 5,
                            "module": "gateway:WebhookRespond",
                            "version": 1,
                            "parameters": {},
                            "filter": {
                                "name": "",
                                "conditions": [
                                    [
                                        {
                                            "a": "{{12.statusCode}}",
                                            "b": "200",
                                            "o": "number:greater"
                                        },
                                        {
                                            "a": "{{12.statusCode}}",
                                            "b": "300",
                                            "o": "number:less"
                                        }
                                    ]
                                ]
                            },
                            "mapper": {
                                "body": "{{12.data}}",
                                "status": "200",
                                "headers": []
                            },
                            "metadata": {
                                "designer": {
                                    "x": 1200,
                                    "y": -300
                                },
                                "restore": {
                                    "expect": {
                                        "headers": {
                                            "mode": "chose"
                                        }
                                    }
                                },
                                "expect": [
                                    {
                                        "name": "status",
                                        "type": "uinteger",
                                        "label": "Status",
                                        "required": true,
                                        "validate": {
                                            "min": 100
                                        }
                                    },
                                    {
                                        "name": "body",
                                        "type": "any",
                                        "label": "Body"
                                    },
                                    {
                                        "name": "headers",
                                        "spec": [
                                            {
                                                "name": "key",
                                                "type": "text",
                                                "label": "Key",
                                                "required": true,
                                                "validate": {
                                                    "max": 256
                                                }
                                            },
                                            {
                                                "name": "value",
                                                "type": "text",
                                                "label": "Value",
                                                "required": true,
                                                "validate": {
                                                    "max": 4096
                                                }
                                            }
                                        ],
                                        "type": "array",
                                        "label": "Custom headers",
                                        "validate": {
                                            "maxItems": 16
                                        }
                                    }
                                ]
                            }
                        },
                        {
                            "id": 10,
                            "module": "json:ParseJSON",
                            "version": 1,
                            "parameters": {
                                "type": ""
                            },
                            "mapper": {
                                "json": "{{12.data}}"
                            },
                            "metadata": {
                                "designer": {
                                    "x": 1500,
                                    "y": -300
                                },
                                "restore": {
                                    "parameters": {
                                        "type": {
                                            "label": "Choose a data structure"
                                        }
                                    }
                                },
                                "parameters": [
                                    {
                                        "name": "type",
                                        "type": "udt",
                                        "label": "Data structure"
                                    }
                                ],
                                "expect": [
                                    {
                                        "name": "json",
                                        "type": "text",
                                        "label": "JSON string",
                                        "required": true
                                    }
                                ]
                            }
                        },
                        {
                            "id": 11,
                            "module": "datastore:UpdateRecord",
                            "version": 1,
                            "parameters": {
                                "datastore": 45871
                            },
                            "mapper": {
                                "key": "{{2.key}}",
                                "data": {
                                    "opp_id": "",
                                    "contactID": "",
                                    "phoneNumber": ""
                                },
                                "upsert": true,
                                "overwriteArrays": false
                            },
                            "metadata": {
                                "designer": {
                                    "x": 1800,
                                    "y": -300
                                },
                                "restore": {
                                    "expect": {
                                        "upsert": {
                                            "mode": "chose"
                                        },
                                        "overwriteArrays": {
                                            "mode": "chose"
                                        }
                                    },
                                    "parameters": {
                                        "datastore": {
                                            "label": "My data store"
                                        }
                                    }
                                },
                                "parameters": [
                                    {
                                        "name": "datastore",
                                        "type": "datastore",
                                        "label": "Data store",
                                        "required": true
                                    }
                                ],
                                "expect": [
                                    {
                                        "name": "key",
                                        "type": "text",
                                        "label": "Key",
                                        "required": true
                                    },
                                    {
                                        "name": "upsert",
                                        "type": "boolean",
                                        "label": "Insert missing record",
                                        "required": true
                                    },
                                    {
                                        "name": "overwriteArrays",
                                        "type": "boolean",
                                        "label": "Overwrite an existing array in the record",
                                        "required": true
                                    },
                                    {
                                        "name": "data",
                                        "spec": [
                                            {
                                                "name": "phoneNumber",
                                                "type": "text",
                                                "label": null
                                            },
                                            {
                                                "name": "contactID",
                                                "type": "text",
                                                "label": null
                                            },
                                            {
                                                "name": "opp_id",
                                                "type": "text",
                                                "label": null
                                            }
                                        ],
                                        "type": "collection",
                                        "label": "Record"
                                    }
                                ]
                            }
                        }
                    ]
                },
                {
                    "flow": [
                        {
                            "id": 7,
                            "module": "gateway:WebhookRespond",
                            "version": 1,
                            "parameters": {},
                            "filter": {
                                "name": "",
                                "conditions": [
                                    [
                                        {
                                            "a": "{{12.statusCode}}",
                                            "b": "400",
                                            "o": "number:greater"
                                        }
                                    ]
                                ]
                            },
                            "mapper": {
                                "body": "{\n    \"results\": [\n        {\n            \"toolCallId\": \"{{1.call.call_id}}\",\n            \"result\": \"I wasn't able to book that time, do you want to try a different time?\"\n        }\n    ]\n}",
                                "status": "200",
                                "headers": []
                            },
                            "metadata": {
                                "designer": {
                                    "x": 1224,
                                    "y": 250
                                },
                                "restore": {
                                    "expect": {
                                        "headers": {
                                            "mode": "chose"
                                        }
                                    }
                                },
                                "expect": [
                                    {
                                        "name": "status",
                                        "type": "uinteger",
                                        "label": "Status",
                                        "required": true,
                                        "validate": {
                                            "min": 100
                                        }
                                    },
                                    {
                                        "name": "body",
                                        "type": "any",
                                        "label": "Body"
                                    },
                                    {
                                        "name": "headers",
                                        "spec": [
                                            {
                                                "name": "key",
                                                "type": "text",
                                                "label": "Key",
                                                "required": true,
                                                "validate": {
                                                    "max": 256
                                                }
                                            },
                                            {
                                                "name": "value",
                                                "type": "text",
                                                "label": "Value",
                                                "required": true,
                                                "validate": {
                                                    "max": 4096
                                                }
                                            }
                                        ],
                                        "type": "array",
                                        "label": "Custom headers",
                                        "validate": {
                                            "maxItems": 16
                                        }
                                    }
                                ]
                            }
                        }
                    ]
                }
            ]
        }
    ],
    "metadata": {
        "instant": true,
        "version": 1,
        "scenario": {
            "roundtrips": 1,
            "maxErrors": 3,
            "autoCommit": true,
            "autoCommitTriggerLast": true,
            "sequential": false,
            "slots": null,
            "confidential": false,
            "dataloss": false,
            "dlq": false,
            "freshVariables": false
        },
        "designer": {
            "orphans": []
        },
        "zone": "eu2.make.com",
        "notes": []
    }
}