{
    "name": "4. End Call",
    "flow": [
        {
            "id": 1,
            "module": "gateway:CustomWebHook",
            "version": 1,
            "parameters": {
                "hook": 2738978,
                "maxResults": 1
            },
            "mapper": {},
            "metadata": {
                "designer": {
                    "x": -411,
                    "y": -20
                },
                "restore": {
                    "parameters": {
                        "hook": {
                            "data": {
                                "editable": "true"
                            },
                            "label": "My gateway-webhook webhook"
                        }
                    }
                },
                "parameters": [
                    {
                        "name": "hook",
                        "type": "hook:gateway-webhook",
                        "label": "Webhook",
                        "required": true
                    },
                    {
                        "name": "maxResults",
                        "type": "number",
                        "label": "Maximum number of results"
                    }
                ]
            }
        },
        {
            "id": 3,
            "module": "util:SetVariables",
            "version": 1,
            "parameters": {},
            "filter": {
                "name": "",
                "conditions": [
                    [
                        {
                            "a": "{{1.event}}",
                            "b": "call_analyzed",
                            "o": "text:equal"
                        }
                    ]
                ]
            },
            "mapper": {
                "scope": "roundtrip",
                "variables": [
                    {
                        "name": "location_id",
                        "value": "FrNiEAN2ElELjrjrugIE"
                    },
                    {
                        "name": "API_KEY",
                        "value": "pit-c6d753d1-5817-43f4-9941-c8047def0d50"
                    },
                    {
                        "name": "base_url",
                        "value": "https://services.leadconnectorhq.com"
                    },
                    {
                        "name": "Version",
                        "value": "2021-04-15"
                    }
                ]
            },
            "metadata": {
                "designer": {
                    "x": -63,
                    "y": -20
                },
                "restore": {
                    "expect": {
                        "scope": {
                            "label": "One cycle"
                        },
                        "variables": {
                            "items": [
                                null,
                                null,
                                null,
                                null
                            ]
                        }
                    }
                },
                "expect": [
                    {
                        "name": "variables",
                        "spec": [
                            {
                                "name": "name",
                                "type": "text",
                                "label": "Variable name",
                                "required": true
                            },
                            {
                                "name": "value",
                                "type": "any",
                                "label": "Variable value"
                            }
                        ],
                        "type": "array",
                        "label": "Variables"
                    },
                    {
                        "name": "scope",
                        "type": "select",
                        "label": "Variable lifetime",
                        "required": true,
                        "validate": {
                            "enum": [
                                "roundtrip",
                                "execution"
                            ]
                        }
                    }
                ],
                "interface": [
                    {
                        "name": "location_id",
                        "type": "any",
                        "label": "location_id"
                    },
                    {
                        "name": "API_KEY",
                        "type": "any",
                        "label": "API_KEY"
                    },
                    {
                        "name": "base_url",
                        "type": "any",
                        "label": "base_url"
                    },
                    {
                        "name": "Version",
                        "type": "any",
                        "label": "Version"
                    }
                ]
            }
        },
        {
            "id": 5,
            "module": "datastore:SearchRecord",
            "version": 1,
            "parameters": {
                "limit": 1,
                "datastore": 45871,
                "continueWhenNoRes": false
            },
            "mapper": {
                "sort": [
                    {
                        "key": "date_time",
                        "order": -1
                    }
                ],
                "filter": [
                    [
                        {
                            "b": "{{1.call.retell_llm_dynamic_variables.phone}}",
                            "o": "text:equal"
                        }
                    ]
                ],
                "mappAbleLimit": ""
            },
            "metadata": {
                "designer": {
                    "x": 256,
                    "y": -22
                },
                "restore": {
                    "expect": {
                        "sort": {
                            "items": [
                                {
                                    "key": {
                                        "mode": "chose",
                                        "label": "date_time"
                                    },
                                    "order": {
                                        "mode": "chose",
                                        "label": "Descending"
                                    }
                                }
                            ]
                        }
                    },
                    "parameters": {
                        "datastore": {
                            "label": "My data store"
                        }
                    }
                },
                "parameters": [
                    {
                        "name": "datastore",
                        "type": "datastore",
                        "label": "Data store",
                        "required": true
                    },
                    {
                        "name": "continueWhenNoRes",
                        "type": "boolean",
                        "label": "Continue the execution of the route even if the module returns no results"
                    },
                    {
                        "name": "limit",
                        "type": "uinteger",
                        "label": "Limit"
                    }
                ],
                "expect": [
                    {
                        "name": "filter",
                        "type": "filter",
                        "label": "Filter",
                        "options": "rpc://datastore/1.12.0/RpcGetUDTKeys",
                        "required": true
                    },
                    {
                        "name": "sort",
                        "spec": [
                            {
                                "name": "key",
                                "type": "select",
                                "label": "Key",
                                "dynamic": true,
                                "options": [],
                                "required": true
                            },
                            {
                                "name": "order",
                                "type": "select",
                                "label": "Order",
                                "options": [
                                    {
                                        "label": "Ascending",
                                        "value": 1
                                    },
                                    {
                                        "label": "Descending",
                                        "value": -1
                                    }
                                ],
                                "required": true
                            }
                        ],
                        "type": "array",
                        "label": "Sort"
                    },
                    {
                        "name": "mappAbleLimit",
                        "type": "uinteger",
                        "label": "Mappable Limit"
                    }
                ],
                "interface": [
                    {
                        "name": "__IMTLENGTH__",
                        "type": "uinteger",
                        "label": "Total number of bundles"
                    },
                    {
                        "name": "__IMTINDEX__",
                        "type": "uinteger",
                        "label": "Bundle order position"
                    },
                    {
                        "name": "key",
                        "type": "text",
                        "label": "Key"
                    },
                    {
                        "name": "data",
                        "spec": [
                            {
                                "name": "phoneNumber",
                                "type": "text",
                                "label": null,
                                "default": null,
                                "required": false,
                                "multiline": false
                            },
                            {
                                "name": "contactID",
                                "type": "text",
                                "label": null,
                                "default": null,
                                "required": false,
                                "multiline": false
                            },
                            {
                                "name": "opp_id",
                                "type": "text",
                                "label": null,
                                "default": null,
                                "required": false,
                                "multiline": false
                            }
                        ],
                        "type": "collection",
                        "label": "Record"
                    }
                ],
                "advanced": true
            }
        },
        {
            "id": 6,
            "module": "datastore:GetRecord",
            "version": 1,
            "parameters": {
                "datastore": 45871
            },
            "mapper": {
                "key": "{{5.key}}",
                "returnWrapped": false
            },
            "metadata": {
                "designer": {
                    "x": 554,
                    "y": -28
                },
                "restore": {
                    "parameters": {
                        "datastore": {
                            "label": "My data store"
                        }
                    }
                },
                "parameters": [
                    {
                        "name": "datastore",
                        "type": "datastore",
                        "label": "Data store",
                        "required": true
                    }
                ],
                "expect": [
                    {
                        "name": "key",
                        "type": "text",
                        "label": "Key",
                        "required": true
                    },
                    {
                        "name": "returnWrapped",
                        "type": "boolean",
                        "label": "Return Wrapped Output",
                        "required": true
                    }
                ],
                "interface": [
                    {
                        "name": "phoneNumber",
                        "type": "text",
                        "label": null,
                        "default": null,
                        "required": false,
                        "multiline": false
                    },
                    {
                        "name": "contactID",
                        "type": "text",
                        "label": null,
                        "default": null,
                        "required": false,
                        "multiline": false
                    },
                    {
                        "name": "opp_id",
                        "type": "text",
                        "label": null,
                        "default": null,
                        "required": false,
                        "multiline": false
                    }
                ]
            }
        },
        {
            "id": 11,
            "module": "util:Switcher",
            "version": 1,
            "parameters": {},
            "mapper": {
                "input": "{{1.data.call_analysis.custom_analysis_data.call_status}}",
                "casesTable": [
                    {
                        "output": "8e66f892-428b-4b7f-8b68-df04978b8595",
                        "pattern": "no_answer"
                    },
                    {
                        "output": "30600205-70ea-418f-b2d5-2bd6a0ae6569",
                        "pattern": "switchboard"
                    },
                    {
                        "output": "30600205-70ea-418f-b2d5-2bd6a0ae6569",
                        "pattern": "not_available"
                    },
                    {
                        "output": "8e66f892-428b-4b7f-8b68-df04978b8595",
                        "pattern": "not_interested"
                    },
                    {
                        "output": "99bb697a-662b-4999-8eff-14da2fc92a86",
                        "pattern": "meeting_booked"
                    }
                ],
                "elseOutput": "",
                "useRegExpMatch": false
            },
            "metadata": {
                "designer": {
                    "x": 846,
                    "y": -32
                },
                "restore": {
                    "expect": {
                        "casesTable": {
                            "mode": "chose",
                            "items": [
                                null,
                                null,
                                null,
                                null,
                                null
                            ]
                        }
                    }
                },
                "expect": [
                    {
                        "name": "input",
                        "type": "text",
                        "label": "Input"
                    },
                    {
                        "name": "useRegExpMatch",
                        "type": "boolean",
                        "label": "Use regular expressions to match",
                        "required": true
                    },
                    {
                        "name": "casesTable",
                        "spec": [
                            {
                                "name": "pattern",
                                "type": "text",
                                "label": "Pattern"
                            },
                            {
                                "name": "output",
                                "type": "any",
                                "label": "Output"
                            }
                        ],
                        "type": "array",
                        "label": "Cases",
                        "required": true
                    },
                    {
                        "name": "elseOutput",
                        "type": "any",
                        "label": "Else"
                    }
                ]
            }
        },
        {
            "id": 8,
            "module": "http:ActionSendData",
            "version": 3,
            "parameters": {
                "handleErrors": true,
                "useNewZLibDeCompress": true
            },
            "mapper": {
                "ca": "",
                "qs": [],
                "url": "https://services.leadconnectorhq.com/opportunities/{{6.opportunity_ID}}",
                "data": "{  \n  \"pipelineStageId\": \"{{11.output}}\"\n}",
                "gzip": true,
                "method": "put",
                "headers": [
                    {
                        "name": "Version",
                        "value": "2021-07-28"
                    },
                    {
                        "name": "Authorization",
                        "value": "Bearer pit-c6d753d1-5817-43f4-9941-c8047def0d50"
                    }
                ],
                "timeout": "",
                "useMtls": false,
                "authPass": "",
                "authUser": "",
                "bodyType": "raw",
                "contentType": "application/json",
                "serializeUrl": false,
                "shareCookies": false,
                "parseResponse": false,
                "followRedirect": true,
                "useQuerystring": false,
                "followAllRedirects": false,
                "rejectUnauthorized": true
            },
            "metadata": {
                "designer": {
                    "x": 1164,
                    "y": -47
                },
                "restore": {
                    "expect": {
                        "qs": {
                            "mode": "chose"
                        },
                        "method": {
                            "mode": "chose",
                            "label": "PUT"
                        },
                        "headers": {
                            "mode": "chose",
                            "items": [
                                null,
                                null
                            ]
                        },
                        "bodyType": {
                            "label": "Raw"
                        },
                        "contentType": {
                            "label": "JSON (application/json)"
                        }
                    }
                },
                "parameters": [
                    {
                        "name": "handleErrors",
                        "type": "boolean",
                        "label": "Evaluate all states as errors (except for 2xx and 3xx )",
                        "required": true
                    },
                    {
                        "name": "useNewZLibDeCompress",
                        "type": "hidden"
                    }
                ],
                "expect": [
                    {
                        "name": "url",
                        "type": "url",
                        "label": "URL",
                        "required": true
                    },
                    {
                        "name": "serializeUrl",
                        "type": "boolean",
                        "label": "Serialize URL",
                        "required": true
                    },
                    {
                        "name": "method",
                        "type": "select",
                        "label": "Method",
                        "required": true,
                        "validate": {
                            "enum": [
                                "get",
                                "head",
                                "post",
                                "put",
                                "patch",
                                "delete",
                                "options"
                            ]
                        }
                    },
                    {
                        "name": "headers",
                        "spec": [
                            {
                                "name": "name",
                                "type": "text",
                                "label": "Name",
                                "required": true
                            },
                            {
                                "name": "value",
                                "type": "text",
                                "label": "Value"
                            }
                        ],
                        "type": "array",
                        "label": "Headers"
                    },
                    {
                        "name": "qs",
                        "spec": [
                            {
                                "name": "name",
                                "type": "text",
                                "label": "Name",
                                "required": true
                            },
                            {
                                "name": "value",
                                "type": "text",
                                "label": "Value"
                            }
                        ],
                        "type": "array",
                        "label": "Query String"
                    },
                    {
                        "name": "bodyType",
                        "type": "select",
                        "label": "Body type",
                        "validate": {
                            "enum": [
                                "raw",
                                "x_www_form_urlencoded",
                                "multipart_form_data"
                            ]
                        }
                    },
                    {
                        "name": "parseResponse",
                        "type": "boolean",
                        "label": "Parse response",
                        "required": true
                    },
                    {
                        "name": "authUser",
                        "type": "text",
                        "label": "User name"
                    },
                    {
                        "name": "authPass",
                        "type": "password",
                        "label": "Password"
                    },
                    {
                        "name": "timeout",
                        "type": "uinteger",
                        "label": "Timeout",
                        "validate": {
                            "max": 300,
                            "min": 1
                        }
                    },
                    {
                        "name": "shareCookies",
                        "type": "boolean",
                        "label": "Share cookies with other HTTP modules",
                        "required": true
                    },
                    {
                        "name": "ca",
                        "type": "cert",
                        "label": "Self-signed certificate"
                    },
                    {
                        "name": "rejectUnauthorized",
                        "type": "boolean",
                        "label": "Reject connections that are using unverified (self-signed) certificates",
                        "required": true
                    },
                    {
                        "name": "followRedirect",
                        "type": "boolean",
                        "label": "Follow redirect",
                        "required": true
                    },
                    {
                        "name": "useQuerystring",
                        "type": "boolean",
                        "label": "Disable serialization of multiple same query string keys as arrays",
                        "required": true
                    },
                    {
                        "name": "gzip",
                        "type": "boolean",
                        "label": "Request compressed content",
                        "required": true
                    },
                    {
                        "name": "useMtls",
                        "type": "boolean",
                        "label": "Use Mutual TLS",
                        "required": true
                    },
                    {
                        "name": "contentType",
                        "type": "select",
                        "label": "Content type",
                        "validate": {
                            "enum": [
                                "text/plain",
                                "application/json",
                                "application/xml",
                                "text/xml",
                                "text/html",
                                "custom"
                            ]
                        }
                    },
                    {
                        "name": "data",
                        "type": "buffer",
                        "label": "Request content"
                    },
                    {
                        "name": "followAllRedirects",
                        "type": "boolean",
                        "label": "Follow all redirect",
                        "required": true
                    }
                ]
            },
            "onerror": [
                {
                    "id": 9,
                    "module": "builtin:Ignore",
                    "version": 1,
                    "metadata": {
                        "designer": {
                            "x": 1514,
                            "y": 192
                        }
                    }
                }
            ]
        },
        {
            "id": 2,
            "module": "http:ActionSendData",
            "version": 3,
            "parameters": {
                "handleErrors": true,
                "useNewZLibDeCompress": true
            },
            "mapper": {
                "ca": "",
                "qs": [],
                "url": "{{3.base_url}}/contacts/{{6.contact_ID}}/notes",
                "data": "{\n\"body\" : \"{{1.data.call_analysis.custom_analysis_data.call_summary}}\"\n}",
                "gzip": true,
                "method": "post",
                "headers": [
                    {
                        "name": "Version",
                        "value": "{{3.Version}}"
                    },
                    {
                        "name": "Authorization",
                        "value": "Bearer {{3.API_KEY}}"
                    }
                ],
                "timeout": "",
                "useMtls": false,
                "authPass": "",
                "authUser": "",
                "bodyType": "raw",
                "contentType": "application/json",
                "serializeUrl": false,
                "shareCookies": false,
                "parseResponse": false,
                "followRedirect": true,
                "useQuerystring": false,
                "followAllRedirects": false,
                "rejectUnauthorized": true
            },
            "metadata": {
                "designer": {
                    "x": 1384,
                    "y": -381
                },
                "restore": {
                    "expect": {
                        "qs": {
                            "mode": "chose"
                        },
                        "method": {
                            "mode": "chose",
                            "label": "POST"
                        },
                        "headers": {
                            "mode": "chose",
                            "items": [
                                null,
                                null
                            ]
                        },
                        "bodyType": {
                            "label": "Raw"
                        },
                        "contentType": {
                            "label": "JSON (application/json)"
                        }
                    }
                },
                "parameters": [
                    {
                        "name": "handleErrors",
                        "type": "boolean",
                        "label": "Evaluate all states as errors (except for 2xx and 3xx )",
                        "required": true
                    },
                    {
                        "name": "useNewZLibDeCompress",
                        "type": "hidden"
                    }
                ],
                "expect": [
                    {
                        "name": "url",
                        "type": "url",
                        "label": "URL",
                        "required": true
                    },
                    {
                        "name": "serializeUrl",
                        "type": "boolean",
                        "label": "Serialize URL",
                        "required": true
                    },
                    {
                        "name": "method",
                        "type": "select",
                        "label": "Method",
                        "required": true,
                        "validate": {
                            "enum": [
                                "get",
                                "head",
                                "post",
                                "put",
                                "patch",
                                "delete",
                                "options"
                            ]
                        }
                    },
                    {
                        "name": "headers",
                        "spec": [
                            {
                                "name": "name",
                                "type": "text",
                                "label": "Name",
                                "required": true
                            },
                            {
                                "name": "value",
                                "type": "text",
                                "label": "Value"
                            }
                        ],
                        "type": "array",
                        "label": "Headers"
                    },
                    {
                        "name": "qs",
                        "spec": [
                            {
                                "name": "name",
                                "type": "text",
                                "label": "Name",
                                "required": true
                            },
                            {
                                "name": "value",
                                "type": "text",
                                "label": "Value"
                            }
                        ],
                        "type": "array",
                        "label": "Query String"
                    },
                    {
                        "name": "bodyType",
                        "type": "select",
                        "label": "Body type",
                        "validate": {
                            "enum": [
                                "raw",
                                "x_www_form_urlencoded",
                                "multipart_form_data"
                            ]
                        }
                    },
                    {
                        "name": "parseResponse",
                        "type": "boolean",
                        "label": "Parse response",
                        "required": true
                    },
                    {
                        "name": "authUser",
                        "type": "text",
                        "label": "User name"
                    },
                    {
                        "name": "authPass",
                        "type": "password",
                        "label": "Password"
                    },
                    {
                        "name": "timeout",
                        "type": "uinteger",
                        "label": "Timeout",
                        "validate": {
                            "max": 300,
                            "min": 1
                        }
                    },
                    {
                        "name": "shareCookies",
                        "type": "boolean",
                        "label": "Share cookies with other HTTP modules",
                        "required": true
                    },
                    {
                        "name": "ca",
                        "type": "cert",
                        "label": "Self-signed certificate"
                    },
                    {
                        "name": "rejectUnauthorized",
                        "type": "boolean",
                        "label": "Reject connections that are using unverified (self-signed) certificates",
                        "required": true
                    },
                    {
                        "name": "followRedirect",
                        "type": "boolean",
                        "label": "Follow redirect",
                        "required": true
                    },
                    {
                        "name": "useQuerystring",
                        "type": "boolean",
                        "label": "Disable serialization of multiple same query string keys as arrays",
                        "required": true
                    },
                    {
                        "name": "gzip",
                        "type": "boolean",
                        "label": "Request compressed content",
                        "required": true
                    },
                    {
                        "name": "useMtls",
                        "type": "boolean",
                        "label": "Use Mutual TLS",
                        "required": true
                    },
                    {
                        "name": "contentType",
                        "type": "select",
                        "label": "Content type",
                        "validate": {
                            "enum": [
                                "text/plain",
                                "application/json",
                                "application/xml",
                                "text/xml",
                                "text/html",
                                "custom"
                            ]
                        }
                    },
                    {
                        "name": "data",
                        "type": "buffer",
                        "label": "Request content"
                    },
                    {
                        "name": "followAllRedirects",
                        "type": "boolean",
                        "label": "Follow all redirect",
                        "required": true
                    }
                ]
            },
            "onerror": [
                {
                    "id": 10,
                    "module": "builtin:Ignore",
                    "version": 1,
                    "metadata": {
                        "designer": {
                            "x": 1756,
                            "y": -278
                        }
                    }
                }
            ]
        }
    ],
    "metadata": {
        "instant": true,
        "version": 1,
        "scenario": {
            "roundtrips": 1,
            "maxErrors": 3,
            "autoCommit": true,
            "autoCommitTriggerLast": true,
            "sequential": false,
            "slots": null,
            "confidential": false,
            "dataloss": false,
            "dlq": false,
            "freshVariables": false
        },
        "designer": {
            "orphans": []
        },
        "zone": "eu2.make.com",
        "notes": []
    }
}